airfusion_45,004d1a99-e718-44ef-a6e8-e20c60e07e7c
alexboombox,429ecb2a-35ac-493b-a384-55d89d99aa1a
alexstonebrae,f8ad2f94-139f-40fa-8018-9a40bc6dabfd
christh3pro,8ff5144e-7f68-41fa-ab77-6160aa09e808
enderknight205,0d65cf9f-3476-4b6f-a149-c82fdd6f5663
eycopercly,270f1262-e526-4fe2-bc47-1ffeff38e9d8
goldenmouse08,7138ecc8-a34b-4575-ad9f-34b7bf83576a
jean_milan,00aa0aa7-aca5-4643-9308-fb2cccef1d83
skynoob28,9d87739d-824c-41a3-b841-883aada647fd
supreme_enderman,0d65cf9f-3476-4b6f-a149-c82fdd6f5663
supreme_kirby,96df17dd-eb7b-479f-a2da-088b09ad27c6
thejavadev,e6aab3d3-b475-3caa-a9ac-4a5a896582d0
